Days,HbA1C (%),FPG (mg/dl),OGTT_2HR (mg/dl)
0,,112.00000000000001,127.49999999999999
7,5.8,,
91,5.9,100.0,
98,5.7,102.0,
173,6.0,98.0,
266,6.1,113.99999999999999,
286,5.9,112.00000000000001,
287,5.7,97.0,
292,5.8,105.0,
307,5.9,112.99999999999999,
314,,103.0,
327,5.8,112.00000000000001,
384,5.6,110.00000000000001,
397,5.7,109.00000000000001,
699,5.9,110.00000000000001,
797,,129.5,122.50000000000001
846,6.0,128.0,
1158,7.3,,
1165,6.7,,
1358,6.9,131.0,
1552,5.9,121.0,
